"store","websites","attribute_set","type","category_ids","sku","has_options","name","meta_title","meta_description","image","small_image","thumbnail","url_key","url_path","custom_design","page_layout","options_container","country_of_manufacture","msrp_enabled","msrp_display_actual_price_type","gift_message_available","price","special_price","weight","msrp","color","status","visibility","tax_class_id","is_recurring","arw_brand","power_plug_type","description","short_description","meta_keyword","custom_layout_update","special_from_date","special_to_date","news_from_date","news_to_date","custom_design_from","custom_design_to","qty","min_qty","use_config_min_qty","is_qty_decimal","backorders","use_config_backorders","min_sale_qty","use_config_min_sale_qty","max_sale_qty","use_config_max_sale_qty","is_in_stock","low_stock_date","notify_stock_qty","use_config_notify_stock_qty","manage_stock","use_config_manage_stock","stock_status_changed_auto","use_config_qty_increments","qty_increments","use_config_enable_qty_inc","enable_qty_increments","is_decimal_divided","stock_status_changed_automatically","use_config_enable_qty_increments","product_name","store_id","product_type_id","product_status_changed","product_changed_websites","image_label","small_image_label","thumbnail_label","website","_media_image","_media_lable","_media_position","_media_is_disabled","recurring_profile"
"admin","base","Default","simple","2,3,4","CLOCK-WHT-US","0","Kube Clock - White-US Plug","","","","","","kube-clock-white-us","kube-clock-white-us.html","","No layout updates","Product Info Column","China","Use config","Use config","No","149.0000","","0.9250","149.0000","White","Enabled","Not Visible Individually","Shipping","No","","US Plug","<p><strong>Guest Features</strong></p>

<ul>
 <li>Built-in charging cables for Apple lightning, Apple 30 pin and Micro USB</li>
 <li>Additional charging via two (2) USB ports</li>
 <li>High quality speaker for audio streaming via Bluetooth</li>
 <li>Large Clock display with Single Day Alarm</li>
 <li>Auto-fading dimmer function</li>
 <li>Auxiliary port for streaming music from 3.5mm headphone jack</li>
 <li>Replaceable cables to extend life of the product</li>
 <li>12 month Warranty</li>
 <li>Colour: White with chrome speaker grills and mirrored display</li>
 <li>Packaging: 270mm x 151mm x 100mm</li>
 <li>Weight: 0.925 kg</li>
 <li>Unit: 105mm x 105mm x 58mm</li>
 <li>Weight: 0.50 kg</li>
</ul>

<p><strong>Hotel Specific Features</strong></p>

<ul>
 <li>Compact and contemporary design to suit bedside tables</li>
 <li>Time adjustment buttons located underneath clock to avoid guest changes</li>
 <li>Built-in cables reduce concierge cable delivery to rooms</li>
 <li>Replaceable cables to extend life of the product</li>
 <li>Pairing button for simple guest connection for audio streaming</li>
 <li>Room programmer for custom adjustment of default settings (optional)</li>
 <li>Security tethering optional and Kensington lock compatible (cables optional)</li>
 <li>Customised branding options are available orders &gt; 100 units</li>
</ul>","<p>The Kube clock can charge many devices including your Apple and Android phones and tablets. Features include built-in cables, Bluetooth speaker, clock and alarm.  Finished in white with chrome speaker grills.</p>","","","","","","","","","95.0000","0.0000","1","0","0","1","1.0000","1","0.0000","1","1","","","1","0","1","0","1","0.0000","1","0","0","0","1","Kube Clock - White-US Plug","0","simple","","","","","","","","","","",""
"admin","base","Default","simple","4","CLOCK-BLK-US","0","Kube Clock - Black-US Plug","","","/k/u/kube-clock-black-main_1.jpg","/k/u/kube-clock-black-main_1.jpg","/k/u/kube-clock-black-main_1.jpg","kube-clock-black-us","kube-clock-black-us.html","","No layout updates","Product Info Column","China","Use config","Use config","No","149.0000","","0.9250","149.0000","Black","Enabled","Not Visible Individually","Taxable Goods","No","","US Plug","<p><strong>Guest Features</strong></p>

<ul>
 <li>Built-in charging cables for Apple lightning, Apple 30 pin and Micro USB</li>
 <li>Additional charging via two (2) USB ports</li>
 <li>High quality speaker for audio streaming via Bluetooth</li>
 <li>Large Clock display with Single Day Alarm</li>
 <li>Auto-fading dimmer function</li>
 <li>Auxiliary port for streaming music from 3.5mm headphone jack</li>
 <li>Replaceable cables to extend life of the product</li>
 <li>12 month Warranty</li>
 <li>Colour: Matt Black</li>
 <li>Packaging: 270mm x 151mm x 100mm</li>
 <li>Weight: 0.925 kg</li>
 <li>Unit: 105mm x 105mm x 58mm</li>
 <li>Weight: 0.50 kg</li>
</ul>

<p><strong>Hotel Specific Features</strong></p>

<ul>
 <li>Compact and contemporary design to suit bedside tables</li>
 <li>Time adjustment buttons located underneath clock to avoid guest changes</li>
 <li>Built-in cables reduce concierge cable delivery to rooms</li>
 <li>Replaceable cables to extend life of the product</li>
 <li>Pairing button for simple guest connection for audio streaming</li>
 <li>Room programmer for custom adjustment of default settings (optional)</li>
 <li>Security tethering optional and Kensington lock compatible (cables optional)</li>
 <li>Customised branding options are available orders &gt; 100 units</li>
</ul>","<p>The Kube clock can charge many devices including your Apple and Android phones and tablets. Features include built-in cables, Bluetooth speaker, clock and alarm.  Finished in matt black.</p>","","","","","","","","","97.0000","0.0000","1","0","0","1","1.0000","1","0.0000","1","1","","","1","0","1","0","1","0.0000","1","0","0","0","1","Kube Clock - Black-US Plug","0","simple","","","","","","","","","","",""
"admin","base","Default","simple","2,3,4","CLOCK-WHT-QI-US","0","Kube Clock - Wireless White-US Plug","","","","","","kube-clock-wireless-white-us","kube-clock-wireless-white-us.html","","No layout updates","Product Info Column","China","Use config","Use config","No","179.0000","","1.1200","179.0000","White","Enabled","Not Visible Individually","Taxable Goods","No","","US Plug","<p><strong>Guest Features</strong></p>

<ul>
 <li>Wireless &lsquo;Drop and Charge&rsquo; Qi charging</li>
 <li>Built-in charging cables for Apple lightning, Apple 30 pin and Micro USB</li>
 <li>Additional charging via two (2) USB ports</li>
 <li>High quality speaker for audio streaming via Bluetooth</li>
 <li>Large Clock display with Single Day Alarm</li>
 <li>Auto-fading dimmer function</li>
 <li>Auxiliary port for streaming music from 3.5mm headphone jack</li>
 <li>Replaceable cables to extend life of the product</li>
 <li>12 month Warranty</li>
 <li>Colour: White with chrome speaker grills and mirrored display</li>
 <li>Packaging: 270mm x 151mm x 100mm</li>
 <li>Weight: 0.925 kg</li>
 <li>Unit: 105mm x 105mm x 58mm</li>
 <li>Weight: 0.50 kg</li>
</ul>

<p><strong>Hotel Specific Features</strong></p>

<ul>
 <li>Compact and contemporary design to suit bedside tables</li>
 <li>Time adjustment buttons located underneath clock to avoid guest changes</li>
 <li>Built-in cables reduce concierge cable delivery to rooms</li>
 <li>Replaceable cables to extend life of the product</li>
 <li>Pairing button for simple guest connection for audio streaming</li>
 <li>Room programmer for custom adjustment of default settings (optional)</li>
 <li>Security tethering optional and Kensington lock compatible (cables optional)</li>
 <li>Customised branding options are available orders &gt; 100 units</li>
</ul>","<p>The Kube clock with Qi wireless charging can charge many devices including your Apple and Android phones and tablets.  Features include Qi Wireless charging, built-in cables, Bluetooth speaker, clock and alarm.  Finished in white with chrome speaker grills.</p>","","","","","","","","","97.0000","0.0000","1","0","0","1","1.0000","1","0.0000","1","1","","","1","0","1","0","1","0.0000","1","0","0","0","1","Kube Clock - Wireless White-US Plug","0","simple","","","","","","","","","","",""
"admin","base","Default","simple","2,3,4","CLOCK-BLK-QI-US","0","Kube Clock - Wireless Black-US Plug","","","/k/u/kube-clock-black-square_5.jpg","","/k/u/kube-clock-black-square_5.jpg","kube-clock-wireless-black-us","kube-clock-wireless-black-us.html","","No layout updates","Product Info Column","China","Use config","Use config","No","179.0000","","1.1200","179.0000","Black","Enabled","Not Visible Individually","Taxable Goods","No","","US Plug","<p><strong>Guest Features</strong></p>

<ul>
 <li>Wireless &lsquo;Drop and Charge&rsquo; Qi charging</li>
 <li>Built-in charging cables for Apple lightning, Apple 30 pin and Micro USB</li>
 <li>Additional charging via two (2) USB ports</li>
 <li>High quality speaker for audio streaming via Bluetooth</li>
 <li>Large Clock display with Single Day Alarm</li>
 <li>Auto-fading dimmer function</li>
 <li>Auxiliary port for streaming music from 3.5mm headphone jack</li>
 <li>Replaceable cables to extend life of the product</li>
 <li>12 month Warranty</li>
 <li>Colour: Matt Black</li>
 <li>Packaging: 270mm x 151mm x 100mm</li>
 <li>Weight: 0.925 kg</li>
 <li>Unit: 105mm x 105mm x 58mm</li>
 <li>Weight: 0.50 kg</li>
</ul>

<p><strong>Hotel Specific Features</strong></p>

<ul>
 <li>Compact and contemporary design to suit bedside tables</li>
 <li>Time adjustment buttons located underneath clock to avoid guest changes</li>
 <li>Built-in cables reduce concierge cable delivery to rooms</li>
 <li>Replaceable cables to extend life of the product</li>
 <li>Pairing button for simple guest connection for audio streaming</li>
 <li>Room programmer for custom adjustment of default settings (optional)</li>
 <li>Security tethering optional and Kensington lock compatible (cables optional)</li>
 <li>Customised branding options are available orders &gt; 100 units</li>
</ul>","<p>The Kube clock with Qi wireless charging can charge many devices including your Apple and Android phones and tablets.  Features include Qi Wireless charging, built-in cables, Bluetooth speaker, clock and alarm.  Finished in matt black.</p>","","","","","","","","","97.0000","0.0000","1","0","0","1","1.0000","1","0.0000","1","1","","","1","0","1","0","1","0.0000","1","0","0","0","1","Kube Clock - Wireless Black-US Plug","0","simple","","","","","","","","","","",""
"admin","base","Default","simple","2,3,5","PORTABLE-SYS-US","0","Kube 5-US Plug","","","/k/u/kube-5-system-square_2.jpg","/k/u/kube-5-system-square_2.jpg","/k/u/kube-5-system-square_2.jpg","portable-sys-us","portable-sys-us.html","","No layout updates","Product Info Column","China","Use config","Use config","No","1899.0000","","8.8800","1899.0000","Black","Enabled","Not Visible Individually","Taxable Goods","No","","US Plug","<p><strong>Each of the five (5) Kube chargers contains:</strong></p>

<ul>
 <li>Wireless &lsquo;Drop and Charge&rsquo; Qi charging</li>
 <li>Built-in charging cables for Apple lightning, Apple 30 pin and Micro USB</li>
 <li>Additional charging via two (2) USB ports</li>
 <li>18,000 mAh Ultra High capacity battery</li>
 <li>Provides up to 9 hours of phone charge time</li>
 <li>Replaceable cables to extend life of the product</li>
 <li>Security tethering optional and Kensington lock compatible (cables optional)</li>
 <li>12 month Warranty</li>
 <li>Colour: Matt Black</li>
 <li>Unit: 105mm x 105mm x 58mm</li>
 <li>Weight: 0.50 kg</li>
 <li>Customised branding options are available (5+ systems / 25 individual chargers)</li>
</ul>

<p><strong>The Charging Tray features:</strong></p>

<ul>
 <li>5 charging docks with LED charge indicator lights</li>
 <li>Programmable &ldquo;Time Out&rdquo; feature</li>
 <li>Carry handles&nbsp;</li>
 <li>Colour: Matt Black</li>
 <li>Packaging: 575mm x 395mm x 186mm</li>
 <li>Weight: 8.88 kg</li>
</ul>","<p>The Kube 5 contains five portable power ""kubes"" that can charge up to six devices at once - both wirelessly or with built-in cables for Apple & Micro-USB devices.  Designed specifically for the hospitality industry for use in lobbies, bars or restaurants. </p>","","","","","","","","","97.0000","0.0000","1","0","0","1","1.0000","1","0.0000","1","1","","","1","0","1","0","1","0.0000","1","0","0","0","1","Kube 5-US Plug","0","simple","","","","","","","","","","",""
"admin","base","Default","configurable","3,5","PORTABLE-SYS","1","Kube 5","","","/k/u/kube-5-system-main.jpg","/k/u/kube-5-system-square_1.jpg","/k/u/kube-5-system-square_1.jpg","kube-5","kube-5.html","","No layout updates","Product Info Column"," ","Use config","Use config","No","1899.0000","","","","","Enabled","Catalog, Search","Shipping","","","","<h3>Each of the five (5) Kube chargers contains:</h3>

<ul>
 <li>Wireless &lsquo;Drop and Charge&rsquo; Qi charging</li>
 <li>Built-in charging cables for Apple lightning, Apple 30 pin and Micro USB</li>
 <li>Additional charging via two (2) USB ports</li>
 <li>18,000 mAh Ultra High capacity battery</li>
 <li>Provides up to 9 hours of phone charge time</li>
 <li>Replaceable cables to extend life of the product</li>
 <li>Security tethering optional and Kensington lock compatible (cables optional)</li>
 <li>12 month Warranty</li>
 <li>Colour: Matt Black</li>
 <li>Unit: 105mm x 105mm x 58mm</li>
 <li>Weight: 0.50 kg</li>
 <li>Customised branding options are available (5+ systems / 25 individual chargers)</li>
</ul>

<p><strong>The Charging Tray features:</strong></p>

<ul>
 <li>5 charging docks with LED charge indicator lights</li>
 <li>Programmable &ldquo;Time Out&rdquo; feature</li>
 <li>Carry handles&nbsp;</li>
 <li>Colour: Matt Black</li>
 <li>Packaging: 575mm x 395mm x 186mm</li>
 <li>Weight: 8.88 kg</li>
</ul>

<h3>Specifications</h3>
<p>Click <a href=""/media/wysiwyg/pdf/kube-portable-specs.pdf"" target=""_blank"">here</a> to download the specifications for this product.</p>","<p>The Kube 5 contains five portable power ""kubes"" that can charge up to six devices at once - both wirelessly or with built-in cables for Apple & Micro-USB devices.  Designed specifically for the hospitality industry for use in lobbies, bars or restaurants. </p>","","","","","","","","","0.0000","0.0000","1","0","0","1","1.0000","1","0.0000","1","1","","","1","0","1","0","1","0.0000","1","0","0","0","1","Kube 5","0","configurable","","","","","","","","","","",""
"admin","","","","","PORTABLE-SYS","","","","","","","","","","","","","","","","","","","","","","","","","","","","","","","","","","","","","","","","","","","","","","","","","","","","","","","","","","","","","","","","","","","","","","","/k/u/kube-5-system-charging.jpg","","2","0",""
"admin","","","","","PORTABLE-SYS","","","","","","","","","","","","","","","","","","","","","","","","","","","","","","","","","","","","","","","","","","","","","","","","","","","","","","","","","","","","","","","","","","","","","","","/k/u/kube-5-system-back.jpg","","3","0",""
"admin","","","","","PORTABLE-SYS","","","","","","","","","","","","","","","","","","","","","","","","","","","","","","","","","","","","","","","","","","","","","","","","","","","","","","","","","","","","","","","","","","","","","","","/k/u/kube-5-system-hub.jpg","","4","0",""
"admin","","","","","PORTABLE-SYS","","","","","","","","","","","","","","","","","","","","","","","","","","","","","","","","","","","","","","","","","","","","","","","","","","","","","","","","","","","","","","","","","","","","","","","/k/u/kube-5-system-cafe.jpg","","5","0",""
"admin","","","","","PORTABLE-SYS","","","","","","","","","","","","","","","","","","","","","","","","","","","","","","","","","","","","","","","","","","","","","","","","","","","","","","","","","","","","","","","","","","","","","","","/k/u/kube-5-system-lifestyle-square.jpg","Rollover","6","0",""
"admin","base","Default","simple","3","PORTABLE-SYS-AU","0","Kube 5-AU Plug","","","/k/u/kube-5-system-square_3.jpg","/k/u/kube-5-system-square_3.jpg","/k/u/kube-5-system-square_3.jpg","kube-portable-system-au-plug","kube-portable-system-au-plug.html","","No layout updates","Product Info Column"," ","Use config","Use config","No","1899.0000","","8.8800","","","Enabled","Not Visible Individually","Shipping","No","","AU Plug","<p><strong>Each of the five (5) Kube chargers contains:</strong></p>

<ul>
 <li>Wireless &lsquo;Drop and Charge&rsquo; Qi charging</li>
 <li>Built-in charging cables for Apple lightning, Apple 30 pin and Micro USB</li>
 <li>Additional charging via two (2) USB ports</li>
 <li>18,000 mAh Ultra High capacity battery</li>
 <li>Provides up to 9 hours of phone charge time</li>
 <li>Replaceable cables to extend life of the product</li>
 <li>Security tethering optional and Kensington lock compatible (cables optional)</li>
 <li>12 month Warranty</li>
 <li>Colour: Matt Black</li>
 <li>Unit: 105mm x 105mm x 58mm</li>
 <li>Weight: 0.50 kg</li>
 <li>Customised branding options are available (5+ systems / 25 individual chargers)</li>
</ul>

<p><strong>The Charging Tray features:</strong></p>

<ul>
 <li>5 charging docks with LED charge indicator lights</li>
 <li>Programmable &ldquo;Time Out&rdquo; feature</li>
 <li>Carry handles&nbsp;</li>
 <li>Colour: Matt Black</li>
 <li>Packaging: 575mm x 395mm x 186mm</li>
 <li>Weight: 8.88 kg</li>
</ul>","<p>The Kube 5 contains five portable power ""kubes"" that can charge up to six devices at once - both wirelessly or with built-in cables for Apple & Micro-USB devices.  Designed specifically for the hospitality industry for use in lobbies, bars or restaurants. </p>","","","","","","","","","97.0000","0.0000","1","0","0","1","1.0000","1","0.0000","1","1","","","1","0","1","0","1","0.0000","1","0","0","0","1","Kube 5-AU Plug","0","simple","","","","","","","","","","",""
"admin","base","Default","simple","3","PORTABLE-SYS-UK","0","Kube 5-UK Plug","","","/k/u/kube-5-system-square_4.jpg","/k/u/kube-5-system-square_4.jpg","/k/u/kube-5-system-square_4.jpg","kube-portable-system-uk-plug","kube-portable-system-uk-plug.html","","No layout updates","Product Info Column"," ","Use config","Use config","No","1899.0000","","8.8800","","","Enabled","Not Visible Individually","Shipping","No","","UK Plug","<p><strong>Each of the five (5) Kube chargers contains:</strong></p>

<ul>
 <li>Wireless &lsquo;Drop and Charge&rsquo; Qi charging</li>
 <li>Built-in charging cables for Apple lightning, Apple 30 pin and Micro USB</li>
 <li>Additional charging via two (2) USB ports</li>
 <li>18,000 mAh Ultra High capacity battery</li>
 <li>Provides up to 9 hours of phone charge time</li>
 <li>Replaceable cables to extend life of the product</li>
 <li>Security tethering optional and Kensington lock compatible (cables optional)</li>
 <li>12 month Warranty</li>
 <li>Colour: Matt Black</li>
 <li>Unit: 105mm x 105mm x 58mm</li>
 <li>Weight: 0.50 kg</li>
 <li>Customised branding options are available (5+ systems / 25 individual chargers)</li>
</ul>

<p><strong>The Charging Tray features:</strong></p>

<ul>
 <li>5 charging docks with LED charge indicator lights</li>
 <li>Programmable &ldquo;Time Out&rdquo; feature</li>
 <li>Carry handles&nbsp;</li>
 <li>Colour: Matt Black</li>
 <li>Packaging: 575mm x 395mm x 186mm</li>
 <li>Weight: 8.88 kg</li>
</ul>","<p>The Kube 5 contains five portable power ""kubes"" that can charge up to six devices at once - both wirelessly or with built-in cables for Apple & Micro-USB devices.  Designed specifically for the hospitality industry for use in lobbies, bars or restaurants. </p>","","","","","","","","","97.0000","0.0000","1","0","0","1","1.0000","1","0.0000","1","1","","","1","0","1","0","1","0.0000","1","0","0","0","1","Kube 5-UK Plug","0","simple","","","","","","","","","","",""
"admin","base","Default","simple","","PORTABLE-SYS-EU","0","Kube 5-EU Plug","","","/k/u/kube-5-system-square_5.jpg","/k/u/kube-5-system-square_5.jpg","/k/u/kube-5-system-square_5.jpg","kube-portable-system-eu-plug","kube-portable-system-eu-plug.html","","No layout updates","Product Info Column"," ","Use config","Use config","No","1899.0000","","8.8800","","","Enabled","Not Visible Individually","Shipping","No","","EU Plug","<p><strong>Each of the five (5) Kube chargers contains:</strong></p>

<ul>
 <li>Wireless &lsquo;Drop and Charge&rsquo; Qi charging</li>
 <li>Built-in charging cables for Apple lightning, Apple 30 pin and Micro USB</li>
 <li>Additional charging via two (2) USB ports</li>
 <li>18,000 mAh Ultra High capacity battery</li>
 <li>Provides up to 9 hours of phone charge time</li>
 <li>Replaceable cables to extend life of the product</li>
 <li>Security tethering optional and Kensington lock compatible (cables optional)</li>
 <li>12 month Warranty</li>
 <li>Colour: Matt Black</li>
 <li>Unit: 105mm x 105mm x 58mm</li>
 <li>Weight: 0.50 kg</li>
 <li>Customised branding options are available (5+ systems / 25 individual chargers)</li>
</ul>

<p><strong>The Charging Tray features:</strong></p>

<ul>
 <li>5 charging docks with LED charge indicator lights</li>
 <li>Programmable &ldquo;Time Out&rdquo; feature</li>
 <li>Carry handles&nbsp;</li>
 <li>Colour: Matt Black</li>
 <li>Packaging: 575mm x 395mm x 186mm</li>
 <li>Weight: 8.88 kg</li>
</ul>","<p>The Kube 5 contains five portable power ""kubes"" that can charge up to six devices at once - both wirelessly or with built-in cables for Apple & Micro-USB devices.  Designed specifically for the hospitality industry for use in lobbies, bars or restaurants. </p>","","","","","","","","","97.0000","0.0000","1","0","0","1","1.0000","1","0.0000","1","1","","","1","0","1","0","1","0.0000","1","0","0","0","1","Kube 5-EU Plug","0","simple","","","","","","","","","","",""
"admin","base","Default","configurable","3,4","CLOCK-WHT","1","Kube Clock - White","","","/k/u/kube-clock-white-main.jpg","/k/u/kube-clock-white-square_1.jpg","/k/u/kube-clock-white-square_1.jpg","kube-clock-white","kube-clock-white-20.html","","No layout updates","Product Info Column","China","Use config","Use config","No","149.0000","","","","","Enabled","Catalog, Search","Shipping","","","","<h3>Guest Features</h3>

<ul>
 <li>Built-in charging cables for Apple lightning, Apple 30 pin and Micro USB</li>
 <li>Additional charging via two (2) USB ports</li>
 <li>High quality speaker for audio streaming via Bluetooth</li>
 <li>Large Clock display with Single Day Alarm</li>
 <li>Auto-fading dimmer function</li>
 <li>Auxiliary port for streaming music from 3.5mm headphone jack</li>
 <li>Replaceable cables to extend life of the product</li>
 <li>12 month Warranty</li>
 <li>Colour: White with chrome speaker grills and mirrored display</li>
 <li>Packaging: 270mm x 151mm x 100mm</li>
 <li>Weight: 0.925 kg</li>
 <li>Unit: 105mm x 105mm x 58mm</li>
 <li>Weight: 0.50 kg</li>
</ul>

<p><strong>Hotel Specific Features</strong></p>

<ul>
 <li>Compact and contemporary design to suit bedside tables</li>
 <li>Time adjustment buttons located underneath clock to avoid guest changes</li>
 <li>Built-in cables reduce concierge cable delivery to rooms</li>
 <li>Replaceable cables to extend life of the product</li>
 <li>Pairing button for simple guest connection for audio streaming</li>
 <li>Room programmer for custom adjustment of default settings (optional)</li>
 <li>Security tethering optional and Kensington lock compatible (cables optional)</li>
 <li>Customised branding options are available orders &gt; 100 units</li>
</ul>

<h3>Specifications</h3>
<p>Click <a href=""/media/wysiwyg/pdf/kube-clock-specs.pdf"" target=""_blank"">here</a> to download the specifications for this product.</p>","<p>The Kube clock can charge many devices including your Apple and Android phones and tablets. Features include built-in cables, Bluetooth speaker, clock and alarm.  Finished in white with chrome speaker grills.</p>","","","","","","","","","0.0000","0.0000","1","0","0","1","1.0000","1","0.0000","1","1","","","1","0","1","0","1","0.0000","1","0","0","0","1","Kube Clock - White","0","configurable","","","","","","","","","","",""
"admin","","","","","CLOCK-WHT","","","","","","","","","","","","","","","","","","","","","","","","","","","","","","","","","","","","","","","","","","","","","","","","","","","","","","","","","","","","","","","","","","","","","","","/k/u/kube-clock-white-left.jpg","","2","0",""
"admin","","","","","CLOCK-WHT","","","","","","","","","","","","","","","","","","","","","","","","","","","","","","","","","","","","","","","","","","","","","","","","","","","","","","","","","","","","","","","","","","","","","","","/k/u/kube-clock-white-back_1.jpg","","3","0",""
"admin","","","","","CLOCK-WHT","","","","","","","","","","","","","","","","","","","","","","","","","","","","","","","","","","","","","","","","","","","","","","","","","","","","","","","","","","","","","","","","","","","","","","","/k/u/kube-clock-white-right.jpg","","4","0",""
"admin","","","","","CLOCK-WHT","","","","","","","","","","","","","","","","","","","","","","","","","","","","","","","","","","","","","","","","","","","","","","","","","","","","","","","","","","","","","","","","","","","","","","","/k/u/kube-clock-white-top_1_1.jpg","","5","0",""
"admin","","","","","CLOCK-WHT","","","","","","","","","","","","","","","","","","","","","","","","","","","","","","","","","","","","","","","","","","","","","","","","","","","","","","","","","","","","","","","","","","","","","","","/k/u/kube-clock-white-lifestyle-square.jpg","Rollover","6","0",""
"admin","base","Default","simple","3","CLOCK-WHT-AU","0","Kube Clock - White-AU Plug","","","/k/u/kube-clock-white-square_2.jpg","/k/u/kube-clock-white-square_2.jpg","/k/u/kube-clock-white-square_2.jpg","kube-clock-white-au-plug","kube-clock-white-au-plug.html","","No layout updates","Product Info Column","China","Use config","Use config","No","149.0000","","0.9250","","","Enabled","Not Visible Individually","Shipping","No","","AU Plug","<p><strong>Guest Features</strong></p>

<ul>
 <li>Built-in charging cables for Apple lightning, Apple 30 pin and Micro USB</li>
 <li>Additional charging via two (2) USB ports</li>
 <li>High quality speaker for audio streaming via Bluetooth</li>
 <li>Large Clock display with Single Day Alarm</li>
 <li>Auto-fading dimmer function</li>
 <li>Auxiliary port for streaming music from 3.5mm headphone jack</li>
 <li>Replaceable cables to extend life of the product</li>
 <li>12 month Warranty</li>
 <li>Colour: White with chrome speaker grills and mirrored display</li>
 <li>Packaging: 270mm x 151mm x 100mm</li>
 <li>Weight: 0.925 kg</li>
 <li>Unit: 105mm x 105mm x 58mm</li>
 <li>Weight: 0.50 kg</li>
</ul>

<p><strong>Hotel Specific Features</strong></p>

<ul>
 <li>Compact and contemporary design to suit bedside tables</li>
 <li>Time adjustment buttons located underneath clock to avoid guest changes</li>
 <li>Built-in cables reduce concierge cable delivery to rooms</li>
 <li>Replaceable cables to extend life of the product</li>
 <li>Pairing button for simple guest connection for audio streaming</li>
 <li>Room programmer for custom adjustment of default settings (optional)</li>
 <li>Security tethering optional and Kensington lock compatible (cables optional)</li>
 <li>Customised branding options are available orders &gt; 100 units</li>
</ul>","<p>The Kube clock can charge many devices including your Apple and Android phones and tablets. Features include built-in cables, Bluetooth speaker, clock and alarm.  Finished in white with chrome speaker grills.</p>","","","","","","","","","94.0000","0.0000","1","0","0","1","1.0000","1","0.0000","1","1","","","1","0","1","0","1","0.0000","1","0","0","0","1","Kube Clock - White-AU Plug","0","simple","","","","","","","","","","",""
"admin","base","Default","simple","3","CLOCK-WHT-EU","0","Kube Clock - White-EU Plug","","","/k/u/kube-clock-white-square_3.jpg","/k/u/kube-clock-white-square_3.jpg","/k/u/kube-clock-white-square_3.jpg","kube-clock-white-eu-plug","kube-clock-white-eu-plug.html","","No layout updates","Product Info Column","China","Use config","Use config","No","149.0000","","0.9250","","","Enabled","Not Visible Individually","Shipping","No","","EU Plug","<p><strong>Guest Features</strong></p>

<ul>
 <li>Built-in charging cables for Apple lightning, Apple 30 pin and Micro USB</li>
 <li>Additional charging via two (2) USB ports</li>
 <li>High quality speaker for audio streaming via Bluetooth</li>
 <li>Large Clock display with Single Day Alarm</li>
 <li>Auto-fading dimmer function</li>
 <li>Auxiliary port for streaming music from 3.5mm headphone jack</li>
 <li>Replaceable cables to extend life of the product</li>
 <li>12 month Warranty</li>
 <li>Colour: White with chrome speaker grills and mirrored display</li>
 <li>Packaging: 270mm x 151mm x 100mm</li>
 <li>Weight: 0.925 kg</li>
 <li>Unit: 105mm x 105mm x 58mm</li>
 <li>Weight: 0.50 kg</li>
</ul>

<p><strong>Hotel Specific Features</strong></p>

<ul>
 <li>Compact and contemporary design to suit bedside tables</li>
 <li>Time adjustment buttons located underneath clock to avoid guest changes</li>
 <li>Built-in cables reduce concierge cable delivery to rooms</li>
 <li>Replaceable cables to extend life of the product</li>
 <li>Pairing button for simple guest connection for audio streaming</li>
 <li>Room programmer for custom adjustment of default settings (optional)</li>
 <li>Security tethering optional and Kensington lock compatible (cables optional)</li>
 <li>Customised branding options are available orders &gt; 100 units</li>
</ul>","<p>The Kube clock can charge many devices including your Apple and Android phones and tablets. Features include built-in cables, Bluetooth speaker, clock and alarm.  Finished in white with chrome speaker grills.</p>","","","","","","","","","94.0000","0.0000","1","0","0","1","1.0000","1","0.0000","1","1","","","1","0","1","0","1","0.0000","1","0","0","0","1","Kube Clock - White-EU Plug","0","simple","","","","","","","","","","",""
"admin","base","Default","simple","3","CLOCK-WHT-UK","0","Kube Clock - White-UK Plug","","","/k/u/kube-clock-white-square_4.jpg","/k/u/kube-clock-white-square_4.jpg","/k/u/kube-clock-white-square_4.jpg","kube-clock-white-uk-plug","kube-clock-white-uk-plug.html","","No layout updates","Product Info Column","China","Use config","Use config","No","149.0000","","0.9250","","","Enabled","Not Visible Individually","Shipping","No","","UK Plug","<p><strong>Guest Features</strong></p>

<ul>
 <li>Built-in charging cables for Apple lightning, Apple 30 pin and Micro USB</li>
 <li>Additional charging via two (2) USB ports</li>
 <li>High quality speaker for audio streaming via Bluetooth</li>
 <li>Large Clock display with Single Day Alarm</li>
 <li>Auto-fading dimmer function</li>
 <li>Auxiliary port for streaming music from 3.5mm headphone jack</li>
 <li>Replaceable cables to extend life of the product</li>
 <li>12 month Warranty</li>
 <li>Colour: White with chrome speaker grills and mirrored display</li>
 <li>Packaging: 270mm x 151mm x 100mm</li>
 <li>Weight: 0.925 kg</li>
 <li>Unit: 105mm x 105mm x 58mm</li>
 <li>Weight: 0.50 kg</li>
</ul>

<p><strong>Hotel Specific Features</strong></p>

<ul>
 <li>Compact and contemporary design to suit bedside tables</li>
 <li>Time adjustment buttons located underneath clock to avoid guest changes</li>
 <li>Built-in cables reduce concierge cable delivery to rooms</li>
 <li>Replaceable cables to extend life of the product</li>
 <li>Pairing button for simple guest connection for audio streaming</li>
 <li>Room programmer for custom adjustment of default settings (optional)</li>
 <li>Security tethering optional and Kensington lock compatible (cables optional)</li>
 <li>Customised branding options are available orders &gt; 100 units</li>
</ul>","<p>The Kube clock can charge many devices including your Apple and Android phones and tablets. Features include built-in cables, Bluetooth speaker, clock and alarm.  Finished in white with chrome speaker grills.</p>","","","","","","","","","94.0000","0.0000","1","0","0","1","1.0000","1","0.0000","1","1","","","1","0","1","0","1","0.0000","1","0","0","0","1","Kube Clock - White-UK Plug","0","simple","","","","","","","","","","",""
"admin","base","Default","configurable","3,4","CLOCK-BLK","1","Kube Clock - Black","","","/k/u/kube-clock-black-main.jpg","/k/u/kube-clock-black-square_4.jpg","/k/u/kube-clock-black-square_4.jpg","kube-clock-black","kube-clock-black.html","","No layout updates","Product Info Column","China","Use config","Use config","No","149.0000","","","","","Enabled","Catalog, Search","Shipping","","","","<h3>Guest Features</h3>

<ul>
 <li>Built-in charging cables for Apple lightning, Apple 30 pin and Micro USB</li>
 <li>Additional charging via two (2) USB ports</li>
 <li>High quality speaker for audio streaming via Bluetooth</li>
 <li>Large Clock display with Single Day Alarm</li>
 <li>Auto-fading dimmer function</li>
 <li>Auxiliary port for streaming music from 3.5mm headphone jack</li>
 <li>Replaceable cables to extend life of the product</li>
 <li>12 month Warranty</li>
 <li>Colour: Matt Black</li>
 <li>Packaging: 270mm x 151mm x 100mm</li>
 <li>Weight: 0.925 kg</li>
 <li>Unit: 105mm x 105mm x 58mm</li>
 <li>Weight: 0.50 kg</li>
</ul>

<p><strong>Hotel Specific Features</strong></p>

<ul>
 <li>Compact and contemporary design to suit bedside tables</li>
 <li>Time adjustment buttons located underneath clock to avoid guest changes</li>
 <li>Built-in cables reduce concierge cable delivery to rooms</li>
 <li>Replaceable cables to extend life of the product</li>
 <li>Pairing button for simple guest connection for audio streaming</li>
 <li>Room programmer for custom adjustment of default settings (optional)</li>
 <li>Security tethering optional and Kensington lock compatible (cables optional)</li>
 <li>Customised branding options are available orders &gt; 100 units</li>
</ul>

<h3>Specifications</h3>
<p>Click <a href=""/media/wysiwyg/pdf/kube-clock-specs.pdf"" target=""_blank"">here</a> to download the specifications for this product.</p>","<p>The Kube clock can charge many devices including your Apple and Android phones and tablets. Features include built-in cables, Bluetooth speaker, clock and alarm.  Finished in matt black.</p>","","","","","","","","","0.0000","0.0000","1","0","0","1","1.0000","1","0.0000","1","1","","","1","0","1","0","1","0.0000","1","0","0","0","1","Kube Clock - Black","0","configurable","","","","","","","","","","",""
"admin","","","","","CLOCK-BLK","","","","","","","","","","","","","","","","","","","","","","","","","","","","","","","","","","","","","","","","","","","","","","","","","","","","","","","","","","","","","","","","","","","","","","","/k/u/kube-clock-black-back_2.jpg","","2","0",""
"admin","","","","","CLOCK-BLK","","","","","","","","","","","","","","","","","","","","","","","","","","","","","","","","","","","","","","","","","","","","","","","","","","","","","","","","","","","","","","","","","","","","","","","/k/u/kube-clock-black-left.jpg","","3","0",""
"admin","","","","","CLOCK-BLK","","","","","","","","","","","","","","","","","","","","","","","","","","","","","","","","","","","","","","","","","","","","","","","","","","","","","","","","","","","","","","","","","","","","","","","/k/u/kube-clock-black-right.jpg","","4","0",""
"admin","","","","","CLOCK-BLK","","","","","","","","","","","","","","","","","","","","","","","","","","","","","","","","","","","","","","","","","","","","","","","","","","","","","","","","","","","","","","","","","","","","","","","/k/u/kube-clock-black-top_1.jpg","","5","0",""
"admin","","","","","CLOCK-BLK","","","","","","","","","","","","","","","","","","","","","","","","","","","","","","","","","","","","","","","","","","","","","","","","","","","","","","","","","","","","","","","","","","","","","","","/k/u/kube-clock-black-lifestyle-square.jpg","Rollover","6","0",""
"admin","base","Default","simple","3","CLOCK-BLK-AU","0","Kube Clock - Black-AU Plug","","","/k/u/kube-clock-black-main_2.jpg","/k/u/kube-clock-black-main_2.jpg","/k/u/kube-clock-black-main_2.jpg","kube-clock-black-au-plug","kube-clock-black-au-plug.html","","No layout updates","Product Info Column","China","Use config","Use config","No","149.0000","","0.9250","","","Enabled","Not Visible Individually","Shipping","No","","AU Plug","<p><strong>Guest Features</strong></p>

<ul>
 <li>Built-in charging cables for Apple lightning, Apple 30 pin and Micro USB</li>
 <li>Additional charging via two (2) USB ports</li>
 <li>High quality speaker for audio streaming via Bluetooth</li>
 <li>Large Clock display with Single Day Alarm</li>
 <li>Auto-fading dimmer function</li>
 <li>Auxiliary port for streaming music from 3.5mm headphone jack</li>
 <li>Replaceable cables to extend life of the product</li>
 <li>12 month Warranty</li>
 <li>Colour: Matt Black</li>
 <li>Packaging: 270mm x 151mm x 100mm</li>
 <li>Weight: 0.925 kg</li>
 <li>Unit: 105mm x 105mm x 58mm</li>
 <li>Weight: 0.50 kg</li>
</ul>

<p><strong>Hotel Specific Features</strong></p>

<ul>
 <li>Compact and contemporary design to suit bedside tables</li>
 <li>Time adjustment buttons located underneath clock to avoid guest changes</li>
 <li>Built-in cables reduce concierge cable delivery to rooms</li>
 <li>Replaceable cables to extend life of the product</li>
 <li>Pairing button for simple guest connection for audio streaming</li>
 <li>Room programmer for custom adjustment of default settings (optional)</li>
 <li>Security tethering optional and Kensington lock compatible (cables optional)</li>
 <li>Customised branding options are available orders &gt; 100 units</li>
</ul>","<p>The Kube clock can charge many devices including your Apple and Android phones and tablets. Features include built-in cables, Bluetooth speaker, clock and alarm.  Finished in matt black.</p>","","","","","","","","","96.0000","0.0000","1","0","0","1","1.0000","1","0.0000","1","1","","","1","0","1","0","1","0.0000","1","0","0","0","1","Kube Clock - Black-AU Plug","0","simple","","","","","","","","","","",""
"admin","base","Default","simple","3","CLOCK-BLK-UK","0","Kube Clock - Black-UK Plug","","","/k/u/kube-clock-black-main_3.jpg","/k/u/kube-clock-black-main_3.jpg","/k/u/kube-clock-black-main_3.jpg","kube-clock-black-uk-plug","kube-clock-black-uk-plug.html","","No layout updates","Product Info Column","China","Use config","Use config","No","149.0000","","0.9250","","","Enabled","Not Visible Individually","Shipping","No","","UK Plug","<p><strong>Guest Features</strong></p>

<ul>
 <li>Built-in charging cables for Apple lightning, Apple 30 pin and Micro USB</li>
 <li>Additional charging via two (2) USB ports</li>
 <li>High quality speaker for audio streaming via Bluetooth</li>
 <li>Large Clock display with Single Day Alarm</li>
 <li>Auto-fading dimmer function</li>
 <li>Auxiliary port for streaming music from 3.5mm headphone jack</li>
 <li>Replaceable cables to extend life of the product</li>
 <li>12 month Warranty</li>
 <li>Colour: Matt Black</li>
 <li>Packaging: 270mm x 151mm x 100mm</li>
 <li>Weight: 0.925 kg</li>
 <li>Unit: 105mm x 105mm x 58mm</li>
 <li>Weight: 0.50 kg</li>
</ul>

<p><strong>Hotel Specific Features</strong></p>

<ul>
 <li>Compact and contemporary design to suit bedside tables</li>
 <li>Time adjustment buttons located underneath clock to avoid guest changes</li>
 <li>Built-in cables reduce concierge cable delivery to rooms</li>
 <li>Replaceable cables to extend life of the product</li>
 <li>Pairing button for simple guest connection for audio streaming</li>
 <li>Room programmer for custom adjustment of default settings (optional)</li>
 <li>Security tethering optional and Kensington lock compatible (cables optional)</li>
 <li>Customised branding options are available orders &gt; 100 units</li>
</ul>","<p>The Kube clock can charge many devices including your Apple and Android phones and tablets. Features include built-in cables, Bluetooth speaker, clock and alarm.  Finished in matt black.</p>","","","","","","","","","97.0000","0.0000","1","0","0","1","1.0000","1","0.0000","1","1","","","1","0","1","0","1","0.0000","1","0","0","0","1","Kube Clock - Black-UK Plug","0","simple","","","","","","","","","","",""
"admin","base","Default","simple","3","CLOCK-BLK-EU","0","Kube Clock - Black-EU Plug","","","","","","kube-clock-black-eu-plug","kube-clock-black-eu-plug.html","","No layout updates","Product Info Column","China","Use config","Use config","No","149.0000","","0.9250","","","Enabled","Not Visible Individually","Shipping","No","","EU Plug","<p><strong>Guest Features</strong></p>

<ul>
 <li>Built-in charging cables for Apple lightning, Apple 30 pin and Micro USB</li>
 <li>Additional charging via two (2) USB ports</li>
 <li>High quality speaker for audio streaming via Bluetooth</li>
 <li>Large Clock display with Single Day Alarm</li>
 <li>Auto-fading dimmer function</li>
 <li>Auxiliary port for streaming music from 3.5mm headphone jack</li>
 <li>Replaceable cables to extend life of the product</li>
 <li>12 month Warranty</li>
 <li>Colour: Matt Black</li>
 <li>Packaging: 270mm x 151mm x 100mm</li>
 <li>Weight: 0.925 kg</li>
 <li>Unit: 105mm x 105mm x 58mm</li>
 <li>Weight: 0.50 kg</li>
</ul>

<p><strong>Hotel Specific Features</strong></p>

<ul>
 <li>Compact and contemporary design to suit bedside tables</li>
 <li>Time adjustment buttons located underneath clock to avoid guest changes</li>
 <li>Built-in cables reduce concierge cable delivery to rooms</li>
 <li>Replaceable cables to extend life of the product</li>
 <li>Pairing button for simple guest connection for audio streaming</li>
 <li>Room programmer for custom adjustment of default settings (optional)</li>
 <li>Security tethering optional and Kensington lock compatible (cables optional)</li>
 <li>Customised branding options are available orders &gt; 100 units</li>
</ul>","<p>The Kube clock can charge many devices including your Apple and Android phones and tablets. Features include built-in cables, Bluetooth speaker, clock and alarm.  Finished in matt black.</p>","","","","","","","","","97.0000","0.0000","1","0","0","1","1.0000","1","0.0000","1","1","","","1","0","1","0","1","0.0000","1","0","0","0","1","Kube Clock - Black-EU Plug","0","simple","","","","","","","","","","",""
"admin","base","Default","configurable","3,4","CLOCK-BLK-QI","1","Kube Clock - Wireless Black","","","/k/u/kube-clock-black-wireless-main.jpg","/k/u/kube-clock-black-wireless-square.jpg","/k/u/kube-clock-black-wireless-square.jpg","kube-clock-wireless-black","kube-clock-wireless-black.html","","No layout updates","Product Info Column","China","Use config","Use config","No","179.0000","","","179.0000","","Enabled","Catalog, Search","Shipping","","","","<h3>Guest Features</h3>
<ul>
 <li>Wireless &lsquo;Drop and Charge&rsquo; Qi charging</li>
 <li>Built-in charging cables for Apple lightning, Apple 30 pin and Micro USB</li>
 <li>Additional charging via two (2) USB ports</li>
 <li>High quality speaker for audio streaming via Bluetooth</li>
 <li>Large Clock display with Single Day Alarm</li>
 <li>Auto-fading dimmer function</li>
 <li>Auxiliary port for streaming music from 3.5mm headphone jack</li>
 <li>Replaceable cables to extend life of the product</li>
 <li>12 month Warranty</li>
 <li>Colour: Matt Black</li>
 <li>Packaging: 270mm x 151mm x 100mm</li>
 <li>Weight: 0.925 kg</li>
 <li>Unit: 105mm x 105mm x 58mm</li>
 <li>Weight: 0.50 kg</li>
</ul>
<p><strong>Hotel Specific Features</strong></p>
<ul>
 <li>Compact and contemporary design to suit bedside tables</li>
 <li>Time adjustment buttons located underneath clock to avoid guest changes</li>
 <li>Built-in cables reduce concierge cable delivery to rooms</li>
 <li>Replaceable cables to extend life of the product</li>
 <li>Pairing button for simple guest connection for audio streaming</li>
 <li>Room programmer for custom adjustment of default settings (optional)</li>
 <li>Security tethering optional and Kensington lock compatible (cables optional)</li>
 <li>Customised branding options are available orders &gt; 100 units</li>
</ul>
<h3>Specifications</h3>
<p>Click <a href=""/media/wysiwyg/pdf/kube-clock-specs.pdf"" target=""_blank"">here</a> to download the specifications for this product.</p>","<p>The Kube clock with Qi wireless charging can charge many devices including your Apple and Android phones and tablets.  Features include Qi Wireless charging, built-in cables, Bluetooth speaker, clock and alarm.  Finished in matt black.</p>","","","","","","","","","0.0000","0.0000","1","0","0","1","1.0000","1","0.0000","1","1","","","1","0","1","0","1","0.0000","1","0","0","0","1","Kube Clock - Wireless Black","0","configurable","","","","","","","","","","",""
"admin","","","","","CLOCK-BLK-QI","","","","","","","","","","","","","","","","","","","","","","","","","","","","","","","","","","","","","","","","","","","","","","","","","","","","","","","","","","","","","","","","","","","","","","","/k/u/kube-clock-black-wireless-back.jpg","","2","0",""
"admin","","","","","CLOCK-BLK-QI","","","","","","","","","","","","","","","","","","","","","","","","","","","","","","","","","","","","","","","","","","","","","","","","","","","","","","","","","","","","","","","","","","","","","","","/k/u/kube-clock-black-wireless-right.jpg","","3","0",""
"admin","","","","","CLOCK-BLK-QI","","","","","","","","","","","","","","","","","","","","","","","","","","","","","","","","","","","","","","","","","","","","","","","","","","","","","","","","","","","","","","","","","","","","","","","/k/u/kube-clock-black-wireless-left.jpg","","4","0",""
"admin","","","","","CLOCK-BLK-QI","","","","","","","","","","","","","","","","","","","","","","","","","","","","","","","","","","","","","","","","","","","","","","","","","","","","","","","","","","","","","","","","","","","","","","","/k/u/kube-clock-black-wireless-top.jpg","","5","0",""
"admin","","","","","CLOCK-BLK-QI","","","","","","","","","","","","","","","","","","","","","","","","","","","","","","","","","","","","","","","","","","","","","","","","","","","","","","","","","","","","","","","","","","","","","","","/k/u/kube-clock-black-wireless-lifestyle-square.jpg","Rollover","6","0",""
"admin","base","Default","simple","3","CLOCK-BLK-QI-AU","0","Kube Clock - Wireless Black-AU Plug","","","/k/u/kube-clock-black-square_6.jpg","/k/u/kube-clock-black-square_6.jpg","/k/u/kube-clock-black-square_6.jpg","kube-clock-wireless-black-au-plug","kube-clock-wireless-black-au-plug.html","","No layout updates","Product Info Column","China","Use config","Use config","No","179.0000","","1.1200","179.0000","","Enabled","Not Visible Individually","Shipping","No","","AU Plug","<p><strong>Guest Features</strong></p>

<ul>
 <li>Wireless &lsquo;Drop and Charge&rsquo; Qi charging</li>
 <li>Built-in charging cables for Apple lightning, Apple 30 pin and Micro USB</li>
 <li>Additional charging via two (2) USB ports</li>
 <li>High quality speaker for audio streaming via Bluetooth</li>
 <li>Large Clock display with Single Day Alarm</li>
 <li>Auto-fading dimmer function</li>
 <li>Auxiliary port for streaming music from 3.5mm headphone jack</li>
 <li>Replaceable cables to extend life of the product</li>
 <li>12 month Warranty</li>
 <li>Colour: Matt Black</li>
 <li>Packaging: 270mm x 151mm x 100mm</li>
 <li>Weight: 0.925 kg</li>
 <li>Unit: 105mm x 105mm x 58mm</li>
 <li>Weight: 0.50 kg</li>
</ul>

<p><strong>Hotel Specific Features</strong></p>

<ul>
 <li>Compact and contemporary design to suit bedside tables</li>
 <li>Time adjustment buttons located underneath clock to avoid guest changes</li>
 <li>Built-in cables reduce concierge cable delivery to rooms</li>
 <li>Replaceable cables to extend life of the product</li>
 <li>Pairing button for simple guest connection for audio streaming</li>
 <li>Room programmer for custom adjustment of default settings (optional)</li>
 <li>Security tethering optional and Kensington lock compatible (cables optional)</li>
 <li>Customised branding options are available orders &gt; 100 units</li>
</ul>","<p>The Kube clock with Qi wireless charging can charge many devices including your Apple and Android phones and tablets.  Features include Qi Wireless charging, built-in cables, Bluetooth speaker, clock and alarm.  Finished in matt black.</p>","","","","","","","","","97.0000","0.0000","1","0","0","1","1.0000","1","0.0000","1","1","","","1","0","1","0","1","0.0000","1","0","0","0","1","Kube Clock - Wireless Black-AU Plug","0","simple","","","","","","","","","","",""
"admin","base","Default","simple","3","CLOCK-BLK-QI-UK","0","Kube Clock - Wireless Black-UK Plug","","","/k/u/kube-clock-black-square_7.jpg","/k/u/kube-clock-black-square_7.jpg","/k/u/kube-clock-black-square_7.jpg","kube-clock-wireless-black-uk-plug","kube-clock-wireless-black-uk-plug.html","","No layout updates","Product Info Column","China","Use config","Use config","No","179.0000","","1.1200","179.0000","","Enabled","Not Visible Individually","Shipping","No","","UK Plug","<p><strong>Guest Features</strong></p>

<ul>
 <li>Wireless &lsquo;Drop and Charge&rsquo; Qi charging</li>
 <li>Built-in charging cables for Apple lightning, Apple 30 pin and Micro USB</li>
 <li>Additional charging via two (2) USB ports</li>
 <li>High quality speaker for audio streaming via Bluetooth</li>
 <li>Large Clock display with Single Day Alarm</li>
 <li>Auto-fading dimmer function</li>
 <li>Auxiliary port for streaming music from 3.5mm headphone jack</li>
 <li>Replaceable cables to extend life of the product</li>
 <li>12 month Warranty</li>
 <li>Colour: Matt Black</li>
 <li>Packaging: 270mm x 151mm x 100mm</li>
 <li>Weight: 0.925 kg</li>
 <li>Unit: 105mm x 105mm x 58mm</li>
 <li>Weight: 0.50 kg</li>
</ul>

<p><strong>Hotel Specific Features</strong></p>

<ul>
 <li>Compact and contemporary design to suit bedside tables</li>
 <li>Time adjustment buttons located underneath clock to avoid guest changes</li>
 <li>Built-in cables reduce concierge cable delivery to rooms</li>
 <li>Replaceable cables to extend life of the product</li>
 <li>Pairing button for simple guest connection for audio streaming</li>
 <li>Room programmer for custom adjustment of default settings (optional)</li>
 <li>Security tethering optional and Kensington lock compatible (cables optional)</li>
 <li>Customised branding options are available orders &gt; 100 units</li>
</ul>","<p>The Kube clock with Qi wireless charging can charge many devices including your Apple and Android phones and tablets.  Features include Qi Wireless charging, built-in cables, Bluetooth speaker, clock and alarm.  Finished in matt black.</p>","","","","","","","","","97.0000","0.0000","1","0","0","1","1.0000","1","0.0000","1","1","","","1","0","1","0","1","0.0000","1","0","0","0","1","Kube Clock - Wireless Black-UK Plug","0","simple","","","","","","","","","","",""
"admin","base","Default","simple","3","CLOCK-BLK-QI-EU","0","Kube Clock - Wireless Black-EU Plug","","","/k/u/kube-clock-black-square_8.jpg","/k/u/kube-clock-black-square_8.jpg","/k/u/kube-clock-black-square_8.jpg","kube-clock-wireless-black-eu-plug","kube-clock-wireless-black-eu-plug.html","","No layout updates","Product Info Column","China","Use config","Use config","No","179.0000","","1.1200","179.0000","","Enabled","Not Visible Individually","Shipping","No","","EU Plug","<p><strong>Guest Features</strong></p>

<ul>
 <li>Wireless &lsquo;Drop and Charge&rsquo; Qi charging</li>
 <li>Built-in charging cables for Apple lightning, Apple 30 pin and Micro USB</li>
 <li>Additional charging via two (2) USB ports</li>
 <li>High quality speaker for audio streaming via Bluetooth</li>
 <li>Large Clock display with Single Day Alarm</li>
 <li>Auto-fading dimmer function</li>
 <li>Auxiliary port for streaming music from 3.5mm headphone jack</li>
 <li>Replaceable cables to extend life of the product</li>
 <li>12 month Warranty</li>
 <li>Colour: Matt Black</li>
 <li>Packaging: 270mm x 151mm x 100mm</li>
 <li>Weight: 0.925 kg</li>
 <li>Unit: 105mm x 105mm x 58mm</li>
 <li>Weight: 0.50 kg</li>
</ul>

<p><strong>Hotel Specific Features</strong></p>

<ul>
 <li>Compact and contemporary design to suit bedside tables</li>
 <li>Time adjustment buttons located underneath clock to avoid guest changes</li>
 <li>Built-in cables reduce concierge cable delivery to rooms</li>
 <li>Replaceable cables to extend life of the product</li>
 <li>Pairing button for simple guest connection for audio streaming</li>
 <li>Room programmer for custom adjustment of default settings (optional)</li>
 <li>Security tethering optional and Kensington lock compatible (cables optional)</li>
 <li>Customised branding options are available orders &gt; 100 units</li>
</ul>","<p>The Kube clock with Qi wireless charging can charge many devices including your Apple and Android phones and tablets.  Features include Qi Wireless charging, built-in cables, Bluetooth speaker, clock and alarm.  Finished in matt black.</p>","","","","","","","","","97.0000","0.0000","1","0","0","1","1.0000","1","0.0000","1","1","","","1","0","1","0","1","0.0000","1","0","0","0","1","Kube Clock - Wireless Black-EU Plug","0","simple","","","","","","","","","","",""
"admin","base","Default","configurable","3,4","CLOCK-WHT-QI","1","Kube Clock - Wireless White","","","/k/u/kube-clock-white-wireless-main.jpg","/k/u/kube-clock-white-wireless-square.jpg","/k/u/kube-clock-white-wireless-square.jpg","kube-clock-wireless-white","kube-clock-wireless-white.html","","No layout updates","Product Info Column","China","Use config","Use config","No","179.0000","","","","","Enabled","Catalog, Search","Shipping","","","","<h3>Guest Features</h3>

<ul>
 <li>Wireless &lsquo;Drop and Charge&rsquo; Qi charging</li>
 <li>Built-in charging cables for Apple lightning, Apple 30 pin and Micro USB</li>
 <li>Additional charging via two (2) USB ports</li>
 <li>High quality speaker for audio streaming via Bluetooth</li>
 <li>Large Clock display with Single Day Alarm</li>
 <li>Auto-fading dimmer function</li>
 <li>Auxiliary port for streaming music from 3.5mm headphone jack</li>
 <li>Replaceable cables to extend life of the product</li>
 <li>12 month Warranty</li>
 <li>Colour: White with chrome speaker grills and mirrored display</li>
 <li>Packaging: 270mm x 151mm x 100mm</li>
 <li>Weight: 0.925 kg</li>
 <li>Unit: 105mm x 105mm x 58mm</li>
 <li>Weight: 0.50 kg</li>
</ul>

<p><strong>Hotel Specific Features</strong></p>

<ul>
 <li>Compact and contemporary design to suit bedside tables</li>
 <li>Time adjustment buttons located underneath clock to avoid guest changes</li>
 <li>Built-in cables reduce concierge cable delivery to rooms</li>
 <li>Replaceable cables to extend life of the product</li>
 <li>Pairing button for simple guest connection for audio streaming</li>
 <li>Room programmer for custom adjustment of default settings (optional)</li>
 <li>Security tethering optional and Kensington lock compatible (cables optional)</li>
 <li>Customised branding options are available orders &gt; 100 units</li>
</ul>

<h3>Specifications</h3>
<p>Click <a href=""/media/wysiwyg/pdf/kube-clock-specs.pdf"" target=""_blank"">here</a> to download the specifications for this product.</p>","<p>The Kube clock with Qi wireless charging can charge many devices including your Apple and Android phones and tablets.  Features include Qi Wireless charging, built-in cables, Bluetooth speaker, clock and alarm.  Finished in white with chrome speaker grills.</p>","","","","","","","","","0.0000","0.0000","1","0","0","1","1.0000","1","0.0000","1","1","","","1","0","1","0","1","0.0000","1","0","0","0","1","Kube Clock - Wireless White","0","configurable","","","","","","","","","","",""
"admin","","","","","CLOCK-WHT-QI","","","","","","","","","","","","","","","","","","","","","","","","","","","","","","","","","","","","","","","","","","","","","","","","","","","","","","","","","","","","","","","","","","","","","","","/k/u/kube-clock-white-wireless-left.jpg","","2","0",""
"admin","","","","","CLOCK-WHT-QI","","","","","","","","","","","","","","","","","","","","","","","","","","","","","","","","","","","","","","","","","","","","","","","","","","","","","","","","","","","","","","","","","","","","","","","/k/u/kube-clock-white-wireless-top.jpg","","3","0",""
"admin","","","","","CLOCK-WHT-QI","","","","","","","","","","","","","","","","","","","","","","","","","","","","","","","","","","","","","","","","","","","","","","","","","","","","","","","","","","","","","","","","","","","","","","","/k/u/kube-clock-white-wireless-back.jpg","","4","0",""
"admin","","","","","CLOCK-WHT-QI","","","","","","","","","","","","","","","","","","","","","","","","","","","","","","","","","","","","","","","","","","","","","","","","","","","","","","","","","","","","","","","","","","","","","","","/k/u/kube-clock-white-wireless-right.jpg","","5","0",""
"admin","","","","","CLOCK-WHT-QI","","","","","","","","","","","","","","","","","","","","","","","","","","","","","","","","","","","","","","","","","","","","","","","","","","","","","","","","","","","","","","","","","","","","","","","/k/u/kube-clock-white-wireless-lifestyle-square.jpg","Rollover","7","0",""
"admin","base","Default","simple","3","CLOCK-WHT-QI-AU","0","Kube Clock - Wireless White-AU Plug","","","","","","kube-clock-wireless-white-au-plug","kube-clock-wireless-white-au-plug.html","","No layout updates","Product Info Column","China","Use config","Use config","No","179.0000","","1.1200","","","Enabled","Not Visible Individually","Shipping","No","","AU Plug","<p><strong>Guest Features</strong></p>

<ul>
 <li>Wireless &lsquo;Drop and Charge&rsquo; Qi charging</li>
 <li>Built-in charging cables for Apple lightning, Apple 30 pin and Micro USB</li>
 <li>Additional charging via two (2) USB ports</li>
 <li>High quality speaker for audio streaming via Bluetooth</li>
 <li>Large Clock display with Single Day Alarm</li>
 <li>Auto-fading dimmer function</li>
 <li>Auxiliary port for streaming music from 3.5mm headphone jack</li>
 <li>Replaceable cables to extend life of the product</li>
 <li>12 month Warranty</li>
 <li>Colour: White with chrome speaker grills and mirrored display</li>
 <li>Packaging: 270mm x 151mm x 100mm</li>
 <li>Weight: 0.925 kg</li>
 <li>Unit: 105mm x 105mm x 58mm</li>
 <li>Weight: 0.50 kg</li>
</ul>

<p><strong>Hotel Specific Features</strong></p>

<ul>
 <li>Compact and contemporary design to suit bedside tables</li>
 <li>Time adjustment buttons located underneath clock to avoid guest changes</li>
 <li>Built-in cables reduce concierge cable delivery to rooms</li>
 <li>Replaceable cables to extend life of the product</li>
 <li>Pairing button for simple guest connection for audio streaming</li>
 <li>Room programmer for custom adjustment of default settings (optional)</li>
 <li>Security tethering optional and Kensington lock compatible (cables optional)</li>
 <li>Customised branding options are available orders &gt; 100 units</li>
</ul>","<p>The Kube clock with Qi wireless charging can charge many devices including your Apple and Android phones and tablets. Features include Qi Wireless charging, built-in cables, Bluetooth speaker, clock and alarm. Finished in white with chrome speaker grills.</p>","","","","","","","","","0.0000","0.0000","1","0","2","0","1.0000","1","0.0000","1","1","2016-02-19 06:10:16","","1","0","1","0","1","0.0000","1","0","0","0","1","Kube Clock - Wireless White-AU Plug","0","simple","","","","","","","","","","",""
"admin","","","","","CLOCK-WHT-QI-AU","","","","","","","","","","","","","","","","","","","","","","","","","","","","","","","","","","","","","","","","","","","","","","","","","","","","","","","","","","","","","","","","","","","","","","","/k/u/kube-clock-white-wireless-square_3.jpg","","1","0",""
"admin","base","Default","simple","3","CLOCK-WHT-QI-UK","0","Kube Clock - Wireless White-UK Plug","","","/k/u/kube-clock-white-wireless-square_2.jpg","/k/u/kube-clock-white-wireless-square_2.jpg","/k/u/kube-clock-white-wireless-square_2.jpg","kube-clock-wireless-white-uk-plug","kube-clock-wireless-white-uk-plug.html","","No layout updates","Product Info Column","China","Use config","Use config","No","179.0000","","1.1200","","","Enabled","Not Visible Individually","Shipping","No","","UK Plug","<p><strong>Guest Features</strong></p>

<ul>
 <li>Wireless &lsquo;Drop and Charge&rsquo; Qi charging</li>
 <li>Built-in charging cables for Apple lightning, Apple 30 pin and Micro USB</li>
 <li>Additional charging via two (2) USB ports</li>
 <li>High quality speaker for audio streaming via Bluetooth</li>
 <li>Large Clock display with Single Day Alarm</li>
 <li>Auto-fading dimmer function</li>
 <li>Auxiliary port for streaming music from 3.5mm headphone jack</li>
 <li>Replaceable cables to extend life of the product</li>
 <li>12 month Warranty</li>
 <li>Colour: White with chrome speaker grills and mirrored display</li>
 <li>Packaging: 270mm x 151mm x 100mm</li>
 <li>Weight: 0.925 kg</li>
 <li>Unit: 105mm x 105mm x 58mm</li>
 <li>Weight: 0.50 kg</li>
</ul>

<p><strong>Hotel Specific Features</strong></p>

<ul>
 <li>Compact and contemporary design to suit bedside tables</li>
 <li>Time adjustment buttons located underneath clock to avoid guest changes</li>
 <li>Built-in cables reduce concierge cable delivery to rooms</li>
 <li>Replaceable cables to extend life of the product</li>
 <li>Pairing button for simple guest connection for audio streaming</li>
 <li>Room programmer for custom adjustment of default settings (optional)</li>
 <li>Security tethering optional and Kensington lock compatible (cables optional)</li>
 <li>Customised branding options are available orders &gt; 100 units</li>
</ul>","<p>The Kube clock with Qi wireless charging can charge many devices including your Apple and Android phones and tablets.  Features include Qi Wireless charging, built-in cables, Bluetooth speaker, clock and alarm.  Finished in white with chrome speaker grills.</p>","","","","","","","","","97.0000","0.0000","1","0","0","1","1.0000","1","0.0000","1","1","","","1","0","1","0","1","0.0000","1","0","0","0","1","Kube Clock - Wireless White-UK Plug","0","simple","","","","","","","","","","",""
"admin","base","Default","simple","3","CLOCK-WHT-QI-EU","0","Kube Clock - Wireless White-EU Plug","","","/k/u/kube-clock-white-wireless-square_1.jpg","/k/u/kube-clock-white-wireless-square_1.jpg","/k/u/kube-clock-white-wireless-square_1.jpg","kube-clock-wireless-white-eu-plug","kube-clock-wireless-white-eu-plug.html","","No layout updates","Product Info Column","China","Use config","Use config","No","179.0000","","1.1200","","","Enabled","Not Visible Individually","Shipping","No","","EU Plug","<p><strong>Guest Features</strong></p>

<ul>
 <li>Wireless &lsquo;Drop and Charge&rsquo; Qi charging</li>
 <li>Built-in charging cables for Apple lightning, Apple 30 pin and Micro USB</li>
 <li>Additional charging via two (2) USB ports</li>
 <li>High quality speaker for audio streaming via Bluetooth</li>
 <li>Large Clock display with Single Day Alarm</li>
 <li>Auto-fading dimmer function</li>
 <li>Auxiliary port for streaming music from 3.5mm headphone jack</li>
 <li>Replaceable cables to extend life of the product</li>
 <li>12 month Warranty</li>
 <li>Colour: White with chrome speaker grills and mirrored display</li>
 <li>Packaging: 270mm x 151mm x 100mm</li>
 <li>Weight: 0.925 kg</li>
 <li>Unit: 105mm x 105mm x 58mm</li>
 <li>Weight: 0.50 kg</li>
</ul>

<p><strong>Hotel Specific Features</strong></p>

<ul>
 <li>Compact and contemporary design to suit bedside tables</li>
 <li>Time adjustment buttons located underneath clock to avoid guest changes</li>
 <li>Built-in cables reduce concierge cable delivery to rooms</li>
 <li>Replaceable cables to extend life of the product</li>
 <li>Pairing button for simple guest connection for audio streaming</li>
 <li>Room programmer for custom adjustment of default settings (optional)</li>
 <li>Security tethering optional and Kensington lock compatible (cables optional)</li>
 <li>Customised branding options are available orders &gt; 100 units</li>
</ul>","<p>The Kube clock with Qi wireless charging can charge many devices including your Apple and Android phones and tablets.  Features include Qi Wireless charging, built-in cables, Bluetooth speaker, clock and alarm.  Finished in white with chrome speaker grills.</p>","","","","","","","","","97.0000","0.0000","1","0","0","1","1.0000","1","0.0000","1","1","","","1","0","1","0","1","0.0000","1","0","0","0","1","Kube Clock - Wireless White-EU Plug","0","simple","","","","","","","","","","",""
